{"cameraMode":{"drawMode":0,"name":"Shaded","section":"Shading Mode"},"sceneLighting":true,"audioPlay":false,"sceneViewState":{"showFog":true,"showMaterialUpdate":false,"showSkybox":true,"showFlares":true,"showImageEffects":true,"showParticleSystems":true},"in2DMode":false,"pivot":{"x":-14.352293968200684,"y":5.25292444229126,"z":9.207963943481446},"rotation":{"x":-0.02190832607448101,"y":0.9708264470100403,"z":-0.2179226279258728,"w":-0.09760022908449173},"size":7.379779815673828,"orthographic":false}